sequence,half_life_seconds,experimental_characteristics
RRWQWR,1800.0,Human serum
ACFPWGNTWCGGK,15840.000000000002,Mammalian
ATAGWTFGAGAALQIPFAMQMAY,15840.000000000002,Mammalian
RRWWRF,1800.0,Human serum
DLSLDFEKLNVTLLDLTYEMNRIQDAIKKLNESYINLKE,180.0,Yeast
DVDLGDISGINASVVNIQKEIDRLNEVAKNLNESLIDLQELGKYEQYI,3960.000000000001,Mammalian
DWVRWI,180.0,Yeast
ELDSFKEELDKYFKNHTSPDVDLGDISGINASVVNIQKEIDRLNEVAKNLNESLIDLQEL,3600.0,Mammalian
ELDSPKEELDKYFKNHTSPDVDLGDISGINASVVNIQKEIDRLNEVAKNLNESLIDLQELGKYE,1800.0,Yeast
CENTISGCSRADCLLYHRKQGCQKTCGLC,10800.0,trypsin
CENTISGCSRADCLLTHRKYGCQKTCGLC,57600.0,trypsin
CENTISGCSRADCLLTHRKQGCQKTCGYC,7200.0,trypsin
RRWQWRMKKLG,1800.0,Human serum
MDYKDDDDKGSGSTLDDMEEMDGLSDT,21600.0,human serum
SPKMMHKSGCFGRRLDRIGSLSGLGCNVLRKY,94.2,
AAGIGILTV,22.0,VMM5 cytotoxic T-lymphocyte line incubated in human plasma
CGMKRTRGC,14400.0,human serum
ISGINASVVNIQKEIDRLNEVAKNLNESLIDLQEL,1800.0,Yeast
LDKYFKNHTSPDVDLGDISGINASVVNIQKEIDRLNEVAKNLNESLIDLQELGKYE,19800.0,Mammalian
DAEFRHDSGYEVHHQKLVFFAEDVGSNKGAIIGLMVGGVV,144.0,Intravenouly injected into male B6SJLF1/J mice and blood samples collected from tail vein to prepare plasma samples
VSADPSRVNAYKSADSRVNST,480.0,human serum
DAEFRHDSGYEVHHQKLVFFAEDVGSNKGAIIGLMVGGVVIA,168.0,Intravenouly injected into male B6SJLF1/J mice and blood samples collected from tail vein to prepare plasma samples
HAEGTFTSDVSSYLEGQAAKEFIAWLVKGR,20880.0,DPP IV
LAEAKGVSAKTALP,1380.0,trypsin
TALIDNNATEEILY,252.0,
TAIIDNNKTEKEISY,150.0,
CQGTSNKLTQLGTFEDHFLSLQRMFNNC,5340.0,human serum
SPTLAYAVP,210.0,
GVQLDLDEAI,4800.0,Intravenously injected in male New Zealand white rabbits and blood samples withdrawn  and plasma sample prepared
PINPRLDG,900.0,Intravenously injected in male New Zealand white rabbits and blood samples withdrawn  and plasma sample prepared
LEAIPCSIPPCVAFNKPFVF,180.0,Yeast
DGEQLADLIV,900.0,Intravenously injected in Male New Zealand white rabbits and blood samples withdrawn  and plasma sample prepared
LEAIPCSIPPCVFFNKPFVF,120.0,E_coli
KKKQYTSIHHGVVEVDAAVTPEERHLSKMQQNGYENPTYKFFEQMQNIATVIVITLVML,300.0,BHK cell line
MLTKFETKSARVKGLSFHPKRPWIL,9720.0,
FVPIFTYGELQREHQRVQQRKESKKPPAKLQPR,666.0,
FVPIFTYGELQRVQQRKESKKPPAKLQPR,534.0,
TRSSRAGLQFPVGRVHRLLRK,300.0,human serum
FVPIFTYGELQRKESKKPPAKLQPR,564.0,
RWCVYARVRGVRYRRCW,14400.0,human serum
RWCVYACVRGVCYRRCW,86400.0,human serum
FVPIFTYGELQRSKKPPAKLQPR,318.0,
FVPIFTYGELQRKKPPAKLQPR,360.0,
RDWHLGQGVSIEWRK,120.0,Yeast
FVPIFTYGELQRVQQRKESKK,420.0,
REINNYTSLIHSLIEESQNQQEKNEQELLELDKWAS,120.0,E_coli
FVPIFTYGELQRVQQRK,144.0,
RFPFHRCGAGPKLTKDLE,120.0,E_coli
RGAHIKGRWDSRCHRF,120.0,Yeast
RGAHIKGRWKSRCHRF,3600.0,Mammalian
RGAHINGRWDSRCHRF,120.0,Yeast
KKVVFKVKFK,360.0,Mouse serum
RGILRNWYNPFAGLRQSLEQ,120.0,E_coli
RGIYR,120.0,Yeast
SSLKQYWSSLKQSFS,18000.0,
KRFKKFFKKVKKSVKKRLKKIFKKPMVIGVTIPF,4260.0,human serum
RGRRGIYR,120.0,E_coli
GRGDS,480.0,
KRFKKFFKKVKKSV,1260.0,human serum
KKRLKKIFKKPMVIGVTIPF,46200.0,human serum
RGTKALTEVIPLTEEAEC,120.0,Yeast
RGVISLTPLLVCVAALLL,120.0,E_coli
RGVSGHGQHGVHG,120.0,Yeast
RHHYESTHPRISSEV,120.0,Yeast
RIGRNPSQVGD,120.0,E_coli
SLRRSSCFGGRIDRIGAQSGCNSFRY,144.0,
YTSLIHSLIEESQNQQEKNEQELLELDKWASLWNWF,31680.0,
WQEWEQKITALLEQAQIQQEKNEYELQKLDKWASLWEWF,21240.0,
MTWMEWDREINNYTSLIHSLIEESQNQQEKNEQELLEL,4320.0,
SPKMVQGSGCFGRKMDRISSSSGLGCKVLRRH,762.0,Infused in pulmonary artery of sheep
MMRDSGCFGRRLDRIGSLSGLGCNVLRRY,156.0,Infused in pulmonary artery of sheep
RKAILGHIVSPRCEY,120.0,E_coli
TTWEAWDRAIAEYAARIEALIRAAQEQQEKNEAALREL,58680.0,
RKFFKKIYRFFRKLLKRL,120.0,E_coli
LW,444.0,Rat plasma
RLAAKCAARFAEHGLKRG,120.0,E_coli
TTWEAWDRAIAEYAARIEALIRALQEQQEKNEAALREL,54720.0,
RLFDKIRQVIRKF,120.0,Yeast
SY,312.0,Rat plasma
RLFFKCIYRFFEHGLKRG,120.0,E_coli
TTWEAWDRAIAEYAARIEALIRAAQELQEKNEAALREL,27360.0,
VY,900.0,Rat plasma
LY,258.0,Rat plasma
RLLRRLLRRLLRRLLRRLLR,120.0,Yeast
RMIYKNILFYLVPGPGHGAEPERRNIKYL,120.0,E_coli
AY,564.0,Rat plasma
YY,960.0,Rat plasma
AD,3840.0,Rat plasma
TTWEAWDRAIAEYAARIEALIRALQELQEKNEAILREL,34560.0,
HSQGTFTSDYSKYLDSRRAQDFVQWLMNTGGEGSGEGSEGEGSEGSGEGEGSEGSGEGEGGSEGSEGEGGSEGSEGEGGSEGSEGEGSGEGSEGEGGSEGSEGEGSGEGSEGEGSEGGSEGEGGSEGSEGEGSGEGSEGEGGEGGSEGEGSEGSGEGEGSGEGSEGEGSEGSGEGEGSGEGSEGEGSEGSGEGEGSEGSGEGEGGSEGSEGEGSEGSGEGEGGEGSGEGEGSGEGSEGEGGGEGSEGEGSGEGGEGEGSEGGSEGEGGSEGGEGEGSEGSGEGEGSEGGSEGEGSEGGSEGEGSEGSGEGEGSEGSGEG,32400.0,Injected subcutaneouly into cynomolgus monkeys
TTWEAWDRAIAEYAARIEALIRAAQELQEKLEAALREL,110880.0,
HSQGTFTSDYSKYLDSRRAQDFVQWLMNTGGEGGSEGSEGEGSEGSGEGEGGSEGSEGEGSEGSGEGEGGSEGSEGEGGSEGSEGEGGEGSGEGEGSEGSGEGEGSGEGSEGEGGSEGGEGEGSEGGSEGEGSEGGSEGEGGEGSGEGEGGGEGSEGEGSEGSGEGEGSGEGSEG,34200.0,Injected subcutaneouly into cynomolgus monkeys
SPRGDLAVLGHKY,3300.0,
RNPNQVGD,120.0,E_coli
RNPSQVGD,120.0,E_coli
YGRKKRRQRRR,24000.0,
RPKHPIKHQGLPQEVLNENLLRF,120.0,Yeast
RPRGRRGSRPSGAERRRRRAAAA,120.0,E_coli
RPRLSHKGPMPF,120.0,E_coli
LEQYANQLADQIIKEATE,5400.0,
HSDGTFTSDLSKQMEEEAVRLFIEWLKNGGPSSGAPPPS,6480.0,
VRRADRAAVPGGGGRG,1110.0,SD rat plasma
RQMRAWGQDYQHGGMGYSC,120.0,E_coli
RQRVEELSKFSKKGAAARRRK,120.0,E_coli
HAECTFTSDVSSYLEGQAAKEFIAWLCKGRGCPSSGAPPPSGGGGG,172800.0,
DRQIKIWFQNRRMKWKKRKIPTEDEY,18288.0,
RRGRIGRNPSQVGD,120.0,E_coli
RRGRTGRGRRGIYR,120.0,E_coli
MAPRGFSCLLLLTGEIDLPVKRRA,1800.0,
YRWYGYTPQNVIGGGKLLLKLLKKLLKLLKKK,1158.0,
RRGRVGRNPNQVGD,120.0,E_coli
KPTFRRLKWK,1020.0,
RRKFRRQRPRLSHKGPMPF,120.0,Yeast
RRKKAAVALLAVLLALLA,120.0,E_coli
GCTFRRLKWKCG,4620.0,
RRKKAAVALLP,120.0,E_coli
GCKPTFRRLKWKYKCG,5040.0,
HSQGTFTSDYSKYLDSRRAQDFVQWLMNT,600.0,
RRKKAAVALLPAVLLA,120.0,E_coli
RRKKAAVALLPAVLLAL,120.0,E_coli
RRKKAAVALLPAVLLALL,120.0,E_coli
RRKKAAVALLPAVLLALLA,120.0,E_coli
RRKKAAVALLPAVLLALLAP,120.0,E_coli
RRKKALLAVLLALLA,120.0,Yeast
FVPIFTYGELQREHQRVQQQRKESKKPPAKLQPR,668.4,
RRKKALLPAVLLALLAP,120.0,Yeast
RRKKAVALLPAVLLALLAP,120.0,Yeast
FVPIFTYGELQRQRVQQRKESKKPPAK,345.6,
RRKKAVLLALLAP,120.0,Yeast
RRKKIFYFFR,120.0,Yeast
FVPIFTYGELQRQRVQQRKESKK,368.4,
RRKKLAVLLALLA,120.0,Yeast
RRKKLLAVLLALLA,120.0,E_coli
FVPIFTYGELQRQRVQQRKES,293.4,
FVPIFTYGELQRQRVQQRK,143.4,
RRKKLLPAVLLALLAP,120.0,Yeast
RRKKLPAVLLALLAP,120.0,E_coli
RRKKPAVLLALLAP,120.0,Yeast
FVPIFTYGELQRVQQRKEFKKPPAKLQPR,463.8,
RRKKRRQRRR,120.0,E_coli
FVPIFTYGELQRQRKESKKPPAKLQPR,480.0,Intravenouly injected in Sprague-Dawley rats
RRKKRRRRRR,120.0,Yeast
FVPIFTYGELQRVQQRKEPKKPPAKLQPR,579.0,
RRKKVALLAVLLALLA,120.0,Yeast
RRKKVALLPAVLLALLAP,120.0,E_coli
RRKKVLLALLAP,120.0,Yeast
RRKKWLVFFVIFYFFR,120.0,E_coli
FVPIFTYGELQRVQQRKESKKPPAK,348.0,Intravenouly injected in Sprague-Dawley rats
FVPIFTYGELQRVQQRKESKKPP,378.0,Intravenouly injected in Sprague-Dawley rats
RRLHLEPAFLPYSVKAHECC,120.0,Yeast
FVPIFTYGELQRVQQRKES,186.0,Intravenouly injected in Sprague-Dawley rats
FVPIFTYGELQRVQQKRDSRRPPAKLQPR,473.4,
RRQRPRLSHKGP,120.0,Yeast
RRQRPRLSHKGPM,120.0,Yeast
RRQRPRLSHKGPMPF,120.0,Yeast
RRRQRRKKRGYGFVNLLFLVVE,120.0,E_coli
RRRRRRRRRR,120.0,Yeast
RRRRRRRRRRRRRRRWWW,120.0,E_coli
FVPIFTYGELQRVQQRKESKKAKLAALKA,536.4,
FVPIFTYGELQRVQQRKESKKPPAKLAALKA,596.4,
RRRRRRRWWWRRRRRRRR,120.0,E_coli
FVPIFTYGELQRVQQRKESKKPPMITIR,315.0,
RRWYRWW,120.0,E_coli
FVPIFTYGELQRKESKKPAKLAALKA,617.4,
RRWYRWWRRRWYRWWR,120.0,E_coli
FVPIFTYGELQRVQQKKAYSPDKERKPPALQPR,781.8,
RSQKEGLHYTCSSHFPYSQYQFWK,120.0,Yeast
CFGGRMDRIGAQSGLGCNSFRYVQQRKESKKPPAKLQPR,2784.0,
RTGRGRRGIYR,120.0,Yeast
RTQRRGRTGRGKPGIYR,120.0,E_coli
VQQRKESKKPPAKLQPRCFGGRMDRIGAQSGLGCNSFRY,3438.0,
RPQLKAPPKKSEKRQQVCFGGRMDRIGAQSGLGCNSFRY,2268.0,
RVGRNPNQVGD,120.0,Yeast
CFGLKLDRIGSMSGLGCVQQRKESKKPPAKLQPR,901.8,
RWMVWRHWFHRLRLPYNPGKNKQNQQWP,120.0,Yeast
GLSKGFGLKLDRISMSGLGCVQQRKESKKPPAKLQPR,1218.0,
VQQRKESKKPPAKLQPRCFGLKLDRIGSMSGLGC,1065.0,
RWNKPQKTKGHRGSH,120.0,E_coli
RPQLKAPPKKSEKRQQVCFGLKLDRIGSMSGLGC,891.6,
RWTEQLASNYWILEYLWK,120.0,Yeast
RWWRWWR,120.0,Yeast
GLSKGCFGLKLDRIGSMSGLGCVQQRKDSKKPPAKLQPR,1874.4,
RWWRWWRRWWRWWR,120.0,Yeast
RYFTFGGGYVYF,120.0,Yeast
CFGLKLDRIGSMSGLGCAGSVDHKGKQRKWDHPKR,1081.8,
RYICRCICGRGICRCICG,120.0,Yeast
RYSTQVDPDLADQLI,120.0,Yeast
SKHSSLDCVLRP,6840.0,Mammalian
VKFNKPFVFLMIEQNTK,6840.0,
WEDWVR,120.0,E_coli
WEDWVRWI,180.0,Yeast
ELYENKPRRPYIL,354.0,
YENQKQIANQFNKAISQIQESLTTTSTA,600.0,Yeast
YAGAVVNDL,120.0,E_coli
SANSNPAMAPRERKAGCKNFFWKTFTSC,168.0,
SSCFGGRIDRIGAQSGLGCNSFRY,150.0,
YAFGYPS,78.0,
VPLPAGGGTVLTKMYPRGNHWAVGHLM,168.0,
VVVPP,36000.0,
MEPLGWQLTSGPNQEQVSPLTLLK,1140.0,
FCFWKTCT,6780.0,
GWTLNSAGYLLGPHAVGNHRSFSDKNGLTS,222.0,
HDEFERHAEGTFTSDVSSYLEGQAAKEFIAWLVKGRG,300.0,
YRGDS,30.0,
CYFQNCPRG,63.6,
FPESKATNATLDPRPGGGGNGDFEEIPEEYLQ,513.6,
FGGFTGARKSARKLANQ,3840.0,
VDKPPYLPRPRPPRRIYN,7200.0,
LLTHTISRIAVSYQTKVNLL,345.6,
MWQRPSSWIEGRLLTHTISRIAVSYQTKVNLL,47196.0,
FPRPGGGGQGDFEEIPEEYL,900.0,
CRKEVY,10620.0,
RKEVY,30.0,
SCSLPQT,2040.0,
SQDSAERIQERLRNSKMAHSSSCFGQKIDRIGAVSRLGCDGLRQF,130.0,
HADGVFTSDFSKLLGQLSAKKYLESLMGKRVSSNISEDPVPV,2250.0,
SSCFGGRMDRIGAQSGLGCNSFRY,22.0,
RRSSCFGGRMDRIGAQSGLGCNSFRY,270.0,
YGGFM,768.0,
WAGGDASGE,434.4,
WAAGDASGE,491.4,
WAGADASGE,774.0,
APGPR,300.0,
DSGCFGRRLDRIGSLSGLGCNVLRRY,186.0,
SLRRSSCFGGRIDRIGAQSGLGCNSFRY,192.0,
AGCKNFFWKTFTSC,144.0,
SQDSAFRIQERLRNSKMAHSSSCFGQKIDRIGAVSRLGCDGLRLF,45.0,
RRSSCFGGRIDIIGAQSGLGCNSFRY,246.0,
RKDVY,336.0,
YAGFLC,546.0,
YAGFL,276.0,
EAKSQGGSN,150.0,
FPRPGGGGNGDFEEIPEEYL,1500.0,
CSNLSTCVLGKLSQELHKLQTYPRTNTGSGTP,7380.0,
SYSMEHFRWGKPVGKKRRPVKVYP,900.0,
SYSMEHFRWGKPVGKKRRPVKVYPDGAEDQLAEAFPLEF,900.0,
MLPGLALLLLAAWTARALEVPYPYDVPDYASNKGAIIGLMVGGVVIATVIVITLVVMLKKKQYEQKLISEEDL,480.0,Human embryonic kidney cells
VVYTDCTESGQNLCLCEGSNVCGQGNKCILGSDGEKNQCVTGEGTPKPQSHNDGDFEEIPEEYLQ,9000.0,Human blood sample
RPPGF,5400.0,"Intravenous injection of Bradykinin,Human blood sample"
YIGSR,60.0,Intravenous injection of labelled peptide in C57BL/6 mice
APRLRFYSL,1560.0,Heamolymph of Aplysia
PRLRFYSL,3840.0,Heamolymph of Aplysia
APRLRFYS,1620.0,Heamolymph of Aplysia
APRLRF,660.0,Heamolymph of Aplysia
APRLR,960.0,Heamolymph of Aplysia
RLRFYSL,126.0,Heamolymph of Aplysia
LRFYSL,162.0,Heamolymph of Aplysia
RFYSL,90.0,Heamolymph of Aplysia
FYSL,39.0,Heamolymph of Aplysia
YSL,582.0,Heamolymph of Aplysia
RLRFYS,90.0,Heamolymph of Aplysia
LRFYS,90.0,Heamolymph of Aplysia
FYS,28.8,Heamolymph of Aplysia
ELRMSSSYPTGLADVKAGPAQTLIRPQDMKGASRSPEDSSPDAARIRV,1320.0,Human blood plasma
TVPVDLASRQEEEEQSPDSTEEEPVTLPR,3780.0,pMEP-E2 CV-1 cell lines
TVPVDLASRQEEEEQSADSTEEEPVTLPR,5640.0,pMEP-E2 CV-1 cell lines
TVPVDLASRQEEEEQSPDSTEQEPVTLPR,1440.0,pMEP-E2 CV-1 cell lines
HGEGTFTSDLSKQMEEEAVRLFIEWLKNGGPSSGAPPPS,34452.0,Human blood plasma
IPP,1800.0,Human blood plasma oral
HSDAVFTDNYTRLRRQMLVRRYLNSILNGRR,17028.0,Rat lung alveolar L2 cells
MTWMEWDREINNYTSLIHSLIEESQNQQEKNEQELL,1080.0,Male cynomolgus monkey blood plasma Intravenous
TTWEAWDRAIAEYAARIEALIRASQEQQEKNEAELREL,4320.0,Male cynomolgus monkey blood plasma Intravenous
MTWEAWDRAIAEYAARIEALIRAAQEQQEKNEAALREL,18360.0,Male cynomolgus monkey blood plasma Intravenous
TTWEAWDRAIAEYAARIEALIRAAQEQQEKNEAILREL,12240.0,Male cynomolgus monkey blood plasma Intravenous
TTWEAWDRAIAEYAARIEALIRALQEQQEKNEAILREL,44640.0,Male cynomolgus monkey blood plasma Intravenous
TTWEAWDRAIAEYAARIEALIRAAQEQQEKLEAALREL,64440.0,Male cynomolgus monkey blood plasma Intravenous
TTWEAWDRAIAEYAARIEALIRAAQEQQEKLEAVLREL,102960.0,Male cynomolgus monkey blood plasma Intravenous
TTWEAWDRAIAEYAARIEALIRALQELQEKNEAALREL,30960.0,Male cynomolgus monkey blood plasma Intravenous
TTWEAWDRAIAEYAARIEALIRALQELQEKLEAILREL,127440.0,Male cynomolgus monkey blood plasma Intravenous
HPLGSPGSASDLETSGLQEQRNHLQGKLSELQVEQTSLEPLQESPRTPGVWKSREVATEGIRGHRKMVLYTLRAPR,7200.0,Human plasma
IRRADRAAVPGGGGRGD,1659.6,Rat blood serum Intravenous injection
DIRCKDDEFTHLYTLIVRPDNTYEVKIDNSQVESGSLEDDWDFLPPKKIKDPDAAKPEDWDERAKIDDPTDSKPEDWDKPEHIPDPDAKKPEDWDEEMDGEWEPPVIQNPEYKGEWKPRQIDNP,72.6,Rat plasma
NPMYNAVSNADLMDFKNLLDHLEEKMPLEDEVVPPQVLSEPNEEAGAALSPLPEVPPWTGEVSPAQRDGGALGRGPWDSSDRSALLKSKLRALLTAPR,3600.0,Human blood
NPVENMMDRDSQ,43200.0,Human plasma
EAAGIGILTV,2700.0,Serum human
ELAGIGILTV,2400.0,Serum human
EACNLPIVRGPCIAFFPRWAFDAVKGKCVLFPYGGCQGNGNKFYSEKECREYCGVP,9900.0,Rabbit plasma Intravenous
FVPIFTYGELQRQRVQQRKESKKPP,380.4,Rat plasma Intravenous
FVPIFTYGELQRVQQRKEKKPPAKLQPR,547.2,Rat plasma Intravenous
FVPIFTYGELQRVQQRKETKKPPAKLQPR,580.2,Rat plasma Intravenous
FVPIFTYGELQRVQQRKELKKPPAKLQPR,547.8,Rat plasma Intravenous
FVPIFTYGELQRVQQRKEAKKPPAKLQPR,557.4,Rat plasma Intravenous
FVPIFTYGELQRVQQRKQSKKPPAKLQPR,339.6,Rat plasma Intravenous
FVPIFTYGELQRVQQRKDSKKPPAKLQPR,608.4,Rat plasma Intravenous
FVPIFTYGELQRVQQRKKKPPAKLQPR,323.4,Rat plasma Intravenous
FVPIFTYGELQRVQQKKSEKRPPAKLQPR,696.0,Rat plasma Intravenous
FVPIFTYGELQRVQQRKGESKKPPAKLQPR,631.8,Rat plasma Intravenous
FVPIFTYGELQRQQRKESGKKPPAKLQPR,693.0,Rat plasma Intravenous
FVPIFTYGELQRVQQRKESKKAKLQPR,463.8,Rat plasma Intravenous
FVPIFTYGELQRVQQRKESKKPPAELAALEA,766.8,Rat plasma Intravenous
FVPIFTYGELQRVQQRKESKKPPAELAALKA,693.6,Rat plasma Intravenous
FVPIFTYGELQRVQQRKESKKMITIR,263.4,Rat plasma Intravenous
FVPIFTYGELQRVQQKKAYSPDKERKPPAKLQPR,785.4,Rat plasma Intravenous
HGDGSFSDEMNTILDNLAARDFINWLIQTLITDK,58320.0,Rat plasma Intravenous
YGGFLRRIRPK,600.0,plasma
KGCRFGTCTVQKLAHQIYQFTDKDKDNVAPRSKISPQGY,5400.0,Rat plasma Intravenous
HVEGTFTSDVSSYLEGQAAKEFIAWLVKGRG,162000.0,Monkey plasma Intravenous
HGEGTFTSDVSSYLEEQAAKEFIAWLVKGRG,198000.0,Dog plasma Intravenous
HVEGTFTSDVSSYLEEQAAKEFIAWLIKGGPSSGAPPPCC,92880.0,Rat plasma Intravenous
HVEGTFTSDVSSYLEEQAAKEFIAWLIKGGPSSGAPPPC,129600.0,Rat plasma Intravenous
HADGVFTSDFSRLLGQLSAKKYLESLI,186.0,Intravenous administration to human plasma
GPETLCGAELVDALQFVCGDRGFYFNKPTGYGYGSSRRAPQTGIVDECCFRSCDLRRLMYCAPLKPAKSA,72000.0,Human serum sample
MKAIFVLKGWWRTS,210.0,Not reported
HAEGTFTSDVSSYLEGQAAKEFIAWLVKGRG,144.0,Intravenous injection to dogs plasma
NSPR,13380.0,Subcutaneously injected to rat
YGG,60.0,Rat whole blood
DPLPEF,18000.0,Mouse plasma
AELRCMCIKTTSGIHPKNIQSLEVIGKGTHCNQVEVIATLKDGRKICLDPDAPRIKKIVQKKLAGDESAD,4200.0,Intradermal injection in rabbit
AQDFVQWLMNT,10.0,Hepatic plasma membrane
CSCSSLMDKECVYFCHLDIIWVNTPEHVVPYGLGSPRS,86400.0,Purified ET-1 protein sample
VNTPEHVVPYGLGSPRS,3420.0,Purified ET-1 protein sample
CSCSSLMDKECVYFCHLDIIWVNTPERVVPYGLGSPSRS,1500.0,Purified ET-1 protein sample
VNTPERVVPYGLGSPSRS,2820.0,Purified ET-1 protein sample
RPKPQQFFGLM,126.0,Purified ET-1 protein sample
DGGFL,1272.0,Nasal administration to Male Sprague Dawley derived rats
YGGFLRRIRPKLKWDN,2520.0,Mouse brain homogenates
YRQSMNQGSRSTGCRFGTCTMQKLAHQIYQFTDKDKDGMAPRNKISPQGY,120.0,Intravenous administration in Rat
PSSSLHLHRRITHHRRLGCFRSSGSLLNNAMKGGVDDEITLSAYITMALLESSLPDTDP,1800.0,Wistar rats
SYSMEHFRWGKPVGKKRRPVKVYPAGEDDEASEAFPLEF,439.2,Intravenously injected to rat
AEIYNKDGNKLDLYG,1800.0,Buffer
DRVYIHPFHL,3600.0,Bacterial strain B-9 cell culture
YGGFMTSEKSQTPLVTLFKNAIIKNAYKKGE,300.0,Bacterial strain B-9 cell culture
HAEGTFTSDVSSYLEGQAAKEFIAWLVRGRPSSGAPPPS,1170.0,Bolus injectionPig kidney
MKFTLFSVLVVLLIATFVAADDCPRICTADFRPVCGTPSGGRRSANRTFGNQCSLDSHNCLNKGDTYDKLHDGECK,3600.0,Kunming Mouse plasma Dose i/v injected
HAEGTFTSDVSCYLEGQAACEFIAWLVKGRG,120.0,DPP IV
MIFVKTLTGKTIL,5400.0,Sprague Dawley rats Dose i/m injected
PLLQATL,5400.0,Human plasma
GPE,300.0,Sprague-Dawley rats plasma Dose i/v injected
LLGDFFRKSKEKIGKEFKRIVQRIKDFLRNLVPRTES,3600.0,Western Blotting
SQEPPISLVLTFHLLREVLEMTKADQLAQQAHSNRKLLDIA,2568.0,Sheep plasma
GWTLNSAGYLLGPHAI,1680.0,Hypothalamic membranes of Male Sprague-Dawley rats
HSQGTFTSDYSKYLDSRRAQDFVQWLMNTKRNKNNIA,720.0,Human plasma Dose i/v injected
AGGDASGE,453.0,Mongrel dog plasmaDose i/v injected
GPETLCGAELVDALQFVCGDRGFYFNKPTGYGSSSRRAPQTGIVDECCFRSCDLRRLEMYCAPLKPAKSA,6000.0,Rat Serum
FVNQHLCGSHVDELQYLCGDRGFYFNKPTGYGSSSRRAPQTGIVDECCFRSCDLRRLEMYCAPLKPAKSA ,1650.0,Rat Serum
GPQALCGAELVDALYLVCGDRGFYFNKPTGYGSSSRRAPQTGIVDECCFRSCDLRRLEMYCAPLKPAKSA ,1614.0,Rat Serum
GPETLCGAELVDALQFVCGDRGFYFNKPTGYGSSSRRAPQTGIVDECCFRSCDLRRLEMYCAPLKPAKSA ,900.0,Dose i/v injectedChicken plasma
YDPAPPPPPP,5760.0,A. aegypti blood
PGDSTRKCMDLKGNK,3240.0,Human plamsa
SVSEIQLMHNLGKHLNSMERVEWLRKKLQDVHNF,18000.0,Human plasma Severe renal impairment patients
FPTIPLSRLFDNAMLRAHRLHQLAFDTYQEFEEAYIPKEQKYSFLQNPQTSLCFSESIPTPSNREETQQKSNLELLRISLLLIQSWLEPVQFLRSVFANSLVYGASDSNVYDLLKDLEEGIQTLMGRLEDGSPRTGQIFKQTYSKFDTNSHNDDALLKNYGLLYCFRKDMDKVETFLRIVQCRSVEGSCGF,1080.0,Intravenous route of injection human serum
ANTFLEEVRKGNLERECVEETCSYEEAFEALESSTATDVFWAKYTACETARTPRDKLAACLEGNCAEGLGTNYRGHVNITRSGIECQLWRSRYPHKPEINSTTHPGADLQENFCRNPDSSTTGPWCYTTDPTVRRQECSIPVCGQDQVTVAMTPRSEGSSVNLSPPLEQCVPDRGQQYQGRLAVTTHGLPCLAWASAQAKALSKHQDFNSAVQLVENFCRNPDGDEEGVWCYVAGKPGDFGYCDLNYCEEAVEEETGDGLDEDSDRAIEGRTA,5400.0,Human blood plasma sample
EWDREINNYTSLIHSLIEESQNQQEKNECELLELDKWASLW,2232.0,Solutions of bovine trypsin and the peptide or PEG−peptide conjugate in 10 mM PBS pH 7.4
CEWDREINNYTSLIHSLIEESQNQQEKNEQELLELDKWASLW,2316.0,Solutions of bovine trypsin and the peptide or PEG−peptide conjugate in 10 mM PBS pH 7.4
EWDREINNYTSLIHSLIEESQNQQEKNEQELLELDKWASLWC,2340.0,Solutions of bovine trypsin and the peptide or PEG−peptide conjugate in 10 mM PBS pH 7.4
EWDREINNYTSLIHSLIEECQNQQEKNEQELLELDKWASLW,2316.0,Solutions of bovine trypsin and the peptide or PEG−peptide conjugate in 10 mM PBS pH 7.4
VDCFLSRPTEKT,8734.2,500 μL of freshly collected bovine vitreous
HGDGSFSDEMNTILDNLAARDFINWLIQTKITDK,138600.0,Subcutaneous injection in female Sprague – Dawley strain rats
RREAQNPQAGAVELGGGLGGLNALALEGPPQKRG,594.0,Porcine blood
GGFL,780.0,Sheep nasal wash fluid
YRQSMNNFQGLRSFGCRFGTCTVQKLAHQIYQFTDKDKDNVAPRSKISPQGY,67.5,Hind limb vascular bed of the cat
GCRFGTCT,67.5,Hind limb vascular bed of the cat
