sequence,half_life_seconds
RRWQWR,1800.0
DAEFRHDSGYEVHHQKLVFFAEDVGSNKGAIIGLMVGGVV,144.0
DAEFRHDSGYEVHHQKLVFFAEDVGSNKGAIIGLMVGGVVIA,168.0
GVQLDLDEAI,4800.0
PINPRLDG,900.0
DGEQLADLIV,900.0
KKKQYTSIHHGVVEVDAAVTPEERHLSKMQQNGYENPTYKFFEQMQNIATVIVITLVML,300.0
RQIKIWFQNRRMKWKKNELKRAFAALRDQI,43020.0
SPKMMHKSGCFGRRLDRIGSLSGLGCNVLRKY,94.2
YAEGTFISDYSIAMDKIHQQDFVNWLLAQKGKKNDWKHNITQ,21600.0
SPKMVQGSGCFGRKMDRISSSSGLGCKVLRRH,762.0
MMRDSGCFGRRLDRIGSLSGLGCNVLRRY,156.0
SLRRSSCFGGRMDRIGAQSGLGCNSFRY,180.0
SPTLAYAVP,210.0
LW,444.0
SY,312.0
VY,900.0
LY,258.0
AY,564.0
YY,960.0
AD,3840.0
HSQGTFTSDYSKYLDSRRAQDFVQWLMNTGGEGSGEGSEGEGSEGSGEGEGSEGSGEGEGGSEGSEGEGGSEGSEGEGGSEGSEGEGSGEGSEGEGGSEGSEGEGSGEGSEGEGSEGGSEGEGGSEGSEGEGSGEGSEGEGGEGGSEGEGSEGSGEGEGSGEGSEGEGSEGSGEGEGSGEGSEGEGSEGSGEGEGSEGSGEGEGGSEGSEGEGSEGSGEGEGGEGSGEGEGSGEGSEGEGGGEGSEGEGSGEGGEGEGSEGGSEGEGGSEGGEGEGSEGSGEGEGSEGGSEGEGSEGGSEGEGSEGSGEGEGSEGSGEG,32400.0
HSQGTFTSDYSKYLDSRRAQDFVQWLMNTGGEGGSEGSEGEGSEGSGEGEGGSEGSEGEGSEGSGEGEGGSEGSEGEGGSEGSEGEGGEGSGEGEGSEGSGEGEGSGEGSEGEGGSEGGEGEGSEGGSEGEGSEGGSEGEGGEGSGEGEGGGEGSEGEGSEGSGEGEGSGEGSEG,34200.0
HSQGTFTSDYSKYLDSRRAQDFVQWLMNT,600.0
MLTKFETKSARVKGLSFHPKRPWIL,9720.0
FVPIFTYGELQRMQEKERNKGQ,198.0
FVPIFTYGELQRSPEHQRVQQRKESKKPPAKLQPR,702.0
FVPIFTYGELQREHQRVQQRKESKKPPAKLQPR,666.0
FVPIFTYGELQRQRVQQRKESKKPPAKLQPR,534.0
FVPIFTYGELQRVQQRKESKKPPAKLQPR,534.0
FVPIFTYGELQRQRKESKKPPAKLQPR,480.0
FVPIFTYGELQRKESKKPPAKLQPR,564.0
FVPIFTYGELQRSKKPPAKLQPR,318.0
FVPIFTYGELQRKKPPAKLQPR,360.0
FVPIFTYGELQRVQQRKESKKPPAKLQ,624.0
FVPIFTYGELQRVQQRKESKKPPAK,348.0
FVPIFTYGELQRVQQRKESKKPP,378.0
FVPIFTYGELQRVQQRKESKK,420.0
FVPIFTYGELQRVQQRKES,186.0
FVPIFTYGELQRVQQRK,144.0
HADGSFSDEMNTILDNLAARDFINWLIQTKITD,408.0
TSEKSQTPLVTL,16200.0
DRVYIHP,10.0
MLPGLALLLLAAWTARALEVPYPYDVPDYASNKGAIIGLMVGGVVIATVIVITLVVMLKKKQYEQKLISEEDL,480.0
EAEDLQVGQVELGGGPGAGSLQPLALEGSLQ,2010.0
GRGDS,480.0
VVYTDCTESGQNLCLCEGSNVCGQGNKCILGSDGEKNQCVTGEGTPKPQSHNDGDFEEIPEEYLQ,9000.0
RPPGF,5400.0
APRLRFYSL,1560.0
PRLRFYSL,3840.0
APRLRFYS,1620.0
APRLRF,660.0
APRLR,960.0
RLRFYSL,126.0
LRFYSL,162.0
RFYSL,90.0
FYSL,39.0
YSL,582.0
RLRFYS,90.0
LRFYS,90.0
FYS,28.8
DNPSLSIDLTFHLLRTLLELARTQSQRERAEQNRIIFDSV,3240.0
ELRMSSSYPTGLADVKAGPAQTLIRPQDMKGASRSPEDSSPDAARIRV,1320.0
TVPVDLASRQEEEEQSPDSTEEEPVTLPR,3780.0
TVPVDLASRQEEEEQSADSTEEEPVTLPR,5640.0
TVPVDLASRQEEEEQSPDSTEQEPVTLPR,1440.0
HGEGTFTSDLSKQMEEEAVRLFIEWLKNGGPSSGAPPPS,34452.0
IPP,1800.0
SLRRSSCFGGRIDRIGAQSGCNSFRY,144.0
HSDAVFTDNYTRLRKQMAVKKYLNSILN,4968.0
HSDAVFTDNYTRLRRQMLVRRYLNSILNGRR,17028.0
YTSLIHSLIEESQNQQEKNEQELLELDKWASLWNWF,31680.0
WQEWEQKITALLEQAQIQQEKNEYELQKLDKWASLWEWF,21240.0
MTWMEWDREINNYTSLIHSLIEESQNQQEKNEQELL,1080.0
MTWMEWDREINNYTSLIHSLIEESQNQQEKNEQELLEL,4320.0
TTWEAWDRAIAEYAARIEALIRASQEQQEKNEAELREL,4320.0
TTWEAWDRAIAEYAARIEALIRAAQEQQEKNEAALREL,58680.0
MTWEAWDRAIAEYAARIEALIRAAQEQQEKNEAALREL,18360.0
TTWEAWDRAIAEYAARIEALIRAAQEQQEKNEAILREL,12240.0
TTWEAWDRAIAEYAARIEALIRALQEQQEKNEAALREL,54720.0
TTWEAWDRAIAEYAARIEALIRAAQELQEKNEAALREL,27360.0
TTWEAWDRAIAEYAARIEALIRALQEQQEKNEAILREL,44640.0
TTWEAWDRAIAEYAARIEALIRAAQEQQEKLEAALREL,64440.0
TTWEAWDRAIAEYAARIEALIRAAQEQQEKLEAVLREL,102960.0
TTWEAWDRAIAEYAARIEALIRALQELQEKNEAALREL,30960.0
TTWEAWDRAIAEYAARIEALIRALQELQEKNEAILREL,34560.0
TTWEAWDRAIAEYAARIEALIRAAQELQEKLEAALREL,110880.0
TTWEAWDRAIAEYAARIEALIRALQELQEKLEAILREL,127440.0
HPLGSPGSASDLETSGLQEQRNHLQGKLSELQVEQTSLEPLQESPRTPGVWKSREVATEGIRGHRKMVLYTLRAPR,7200.0
SPRGDLAVLGHKY,3300.0
YGRKKRRQRRR,24000.0
HSQGTFTSDYSKYLDSRRAQDFVQWLMNTKRNRNNIA,6120.0
LEQYANQLADQIIKEATE,5400.0
DIRCKDDEFTHLYTLIVRPDNTYEVKIDNSQVESGSLEDDWDFLPPKKIKDPDAAKPEDWDERAKIDDPTDSKPEDWDKPEHIPDPDAKKPEDWDEEMDGEWEPPVIQNPEYKGEWKPRQIDNP,72.6
NPMYNAVSNADLMDFKNLLDHLEEKMPLEDEVVPPQVLSEPNEEAGAALSPLPEVPPWTGEVSPAQRDGGALGRGPWDSSDRSALLKSKLRALLTAPR,3600.0
NPVENMMDRDSQ,43200.0
HAECTFTSDVSSYLEGQAAKEFIAWLCKGRGCPSSGAPPPSGGGGG,172800.0
MAPRGFSCLLLLTGEIDLPVKRRA,1800.0
KPTFRRLKWK,1020.0
EAAGIGILTV,2700.0
FVPIFTYGELQREHQRVQQQRKESKKPPAKLQPR,668.4
FVPIFTYGELQRQRVQQRKESKKPPAK,345.6
FVPIFTYGELQRQRVQQRKESKKPP,380.4
FVPIFTYGELQRQRVQQRKESKK,368.4
FVPIFTYGELQRQRVQQRKES,293.4
FVPIFTYGELQRQRVQQRK,143.4
FVPIFTYGELQRVQQRKEKKPPAKLQPR,547.2
FVPIFTYGELQRVQQRKEFKKPPAKLQPR,463.8
FVPIFTYGELQRVQQRKETKKPPAKLQPR,580.2
FVPIFTYGELQRVQQRKEPKKPPAKLQPR,579.0
FVPIFTYGELQRVQQRKELKKPPAKLQPR,547.8
FVPIFTYGELQRVQQRKEAKKPPAKLQPR,557.4
FVPIFTYGELQRVQQRKQSKKPPAKLQPR,339.6
FVPIFTYGELQRVQQRKDSKKPPAKLQPR,608.4
FVPIFTYGELQRVQQRKKKPPAKLQPR,323.4
FVPIFTYGELQRVQQKRDSRRPPAKLQPR,473.4
FVPIFTYGELQRVQQKKSEKRPPAKLQPR,696.0
FVPIFTYGELQRVQQRKGESKKPPAKLQPR,631.8
FVPIFTYGELQRQQRKESGKKPPAKLQPR,693.0
FVPIFTYGELQRVQQRKGGESKKPPAKLQPR,690.0
FVPIFTYGELQRVQQRKESKKAKLQPR,463.8
FVPIFTYGELQRVQQRKESKKAKLAALKA,536.4
FVPIFTYGELQRVQQRKESKKPPAKLAALKA,596.4
FVPIFTYGELQRVQQRKESKKPPAELAALEA,766.8
FVPIFTYGELQRVQQRKESKKPPAELAALKA,693.6
FVPIFTYGELQRVQQRKESKKMITIR,263.4
FVPIFTYGELQRVQQRKESKKPPMITIR,315.0
FVPIFTYGELQRKESKKPAKLAALKA,617.4
FVPIFTYGELQRVQQKKAYSPDKERKPPALQPR,781.8
FVPIFTYGELQRVQQKKAYSPDKERKPPAKLQPR,785.4
HGDGSFSDEMNTILDNLAARDFINWLIQTLITDK,58320.0
VKFNKPFVFLMIEQNTK,6840.0
KGCRFGTCTVQKLAHQIYQFTDKDKDNVAPRSKISPQGY,5400.0
HVEGTFTSDVSSYLEGQAAKEFIAWLVKGRG,162000.0
HGEGTFTSDVSSYLEEQAAKEFIAWLVKGRG,198000.0
HVEGTFTSDVSSYLEEQAAKEFIAWLIKGGPSSGAPPPCC,92880.0
HVEGTFTSDVSSYLEEQAAKEFIAWLIKGGPSSGAPPPC,129600.0
SEEPPISLDLTFHLLREVLEMARAEQLAQQAHSNRKLMEII,3756.0
ELYENKPRRPYIL,354.0
YGGFL,1272.0
HADGVFTSDFSRLLGQLSAKKYLESLI,186.0
GPETLCGAELVDALQFVCGDRGFYFNKPTGYGYGSSRRAPQTGIVDECCFRSCDLRRLMYCAPLKPAKSA,72000.0
ACDTATCVTHRLAGLLSRSGGVVKNNFVPTNVGSKAF,414.0
GGFMTSEKSQTPLVTL,42.0
MKAIFVLKGWWRTS,210.0
SQEPPISLDLTFHLLREVLEMTKADQLAQQAHSNRKLLDIA,972.0
ADSGEGDFLAEGGGVR,30.0
VPLPAGGGTVLTKMYPRGNHWAVGHLM,168.0
HAEGTFTSDVSSYLEGQAAKEFIAWLVKGRG,144.0
NSPR,13380.0
VVVPP,36000.0
AELRCMCIKTTSGIHPKNIQSLEVIGKGTHCNQVEVIATLKDGRKICLDPDAPRIKKIVQKKLAGDESAD,4200.0
AQDFVQWLMNT,10.0
CSCSSLMDKECVYFCHLDIIWVNTPEHVVPYGLGSPRS,86400.0
CSCSSLMDKECVYFCHLDIIW,2220.0
VNTPEHVVPYGLGSPRS,3420.0
CSCSSLMDKECVYFCHLDIIWVNTPERVVPYGLGSPSRS,1500.0
VNTPERVVPYGLGSPSRS,2820.0
RPKPQQFFGLM,126.0
GWTLNSAGYLLGPHAVGNHRSFSDKNGLTS,222.0
DGGFL,1272.0
EAKSQGGSN,150.0
YRQSMNQGSRSTGCRFGTCTMQKLAHQIYQFTDKDKDGMAPRNKISPQGY,120.0
SYSMEHFRWGKPVGKKRRPVKVYPAGEDDEASEAFPLEF,439.2
HDEFERHAEGTFTSDVSSYLEGQAAKEFIAWLVKGRG,300.0
FGGFTGARKSARKLANQ,3840.0
AEIYNKDGNKLDLYG,1800.0
VDKPPYLPRPRPPRRIYN,7200.0
DRVYIHPFHL,3600.0
YGGFMTSEKSQTPLVTLFKNAIIKNAYKKGE,300.0
HAEGTFTSDVSSYLEGQAAKEFIAWLVRGRPSSGAPPPS,1170.0
MKFTLFSVLVVLLIATFVAADDCPRICTADFRPVCGTPSGGRRSANRTFGNQCSLDSHNCLNKGDTYDKLHDGECK,3600.0
MIFVKTLTGKTIL,5400.0
PLLQATL,5400.0
HSDAVFTDNYTRLRKQVAAKKYLQSIKNKRY,250.8
MWQRPSSWIEGRFPHSDAVFTDQYTRLRKQLAAKKYLQSLKQKRY,34956.0
YPIKPEAPGEDASPEELNRYYASLRHYLNLVTRQRY,12240.0
LLTHTISRIAVSYQTKVNLL,345.6
MWQRPSSWIEGRLLTHTISRIAVSYQTKVNLL,47196.0
GPE,300.0
RKEVY,30.0
LLGDFFRKSKEKIGKEFKRIVQRIKDFLRNLVPRTES,3600.0
SQEPPISLVLTFHLLREVLEMTKADQLAQQAHSNRKLLDIA,2568.0
GWTLNSAGYLLGPHAI,1680.0
HADGVFTSDFSKLLGQLSAKKYLESLMGKRVSSNISEDPVPV,2250.0
HSQGTFTSDYSKYLDSRRAQDFVQWLMNTKRNKNNIA,720.0
YGGFM,768.0
WAGGDASGE,434.4
AGGDASGE,453.0
APGPR,300.0
GPETLCGAELVDALQFVCGDRGFYFNKPTGYGSSSRRAPQTGIVDECCFRSCDLRRLEMYCAPLKPAKSA,6000.0
FVNQHLCGSHVDELQYLCGDRGFYFNKPTGYGSSSRRAPQTGIVDECCFRSCDLRRLEMYCAPLKPAKSA ,1650.0
GPQALCGAELVDALYLVCGDRGFYFNKPTGYGSSSRRAPQTGIVDECCFRSCDLRRLEMYCAPLKPAKSA ,1614.0
GPETLCGAELVDALQFVCGDRGFYFNKPTGYGSSSRRAPQTGIVDECCFRSCDLRRLEMYCAPLKPAKSA ,900.0
YDPAPPPPPP,5760.0
PGDSTRKCMDLKGNK,3240.0
SVSEIQLMHNLGKHLNSMERVEWLRKKLQDVHNF,18000.0
FPTIPLSRLFDNAMLRAHRLHQLAFDTYQEFEEAYIPKEQKYSFLQNPQTSLCFSESIPTPSNREETQQKSNLELLRISLLLIQSWLEPVQFLRSVFANSLVYGASDSNVYDLLKDLEEGIQTLMGRLEDGSPRTGQIFKQTYSKFDTNSHNDDALLKNYGLLYCFRKDMDKVETFLRIVQCRSVEGSCGF,1080.0
ANTFLEEVRKGNLERECVEETCSYEEAFEALESSTATDVFWAKYTACETARTPRDKLAACLEGNCAEGLGTNYRGHVNITRSGIECQLWRSRYPHKPEINSTTHPGADLQENFCRNPDSSTTGPWCYTTDPTVRRQECSIPVCGQDQVTVAMTPRSEGSSVNLSPPLEQCVPDRGQQYQGRLAVTTHGLPCLAWASAQAKALSKHQDFNSAVQLVENFCRNPDGDEEGVWCYVAGKPGDFGYCDLNYCEEAVEEETGDGLDEDSDRAIEGRTA,5400.0
RKDVY,336.0
EWDREINNYTSLIHSLIEESQNQQEKNEQELLELDKWASLWC,2340.0
HGDGSFSDEMNTILDNLAARDFINWLIQTKITDK,138600.0
RREAQNPQAGAVELGGGLGGLNALALEGPPQKRG,594.0
GGFL,780.0
YRQSMNNFQGLRSFGCRFGTCTVQKLAHQIYQFTDKDKDNVAPRSKISPQGY,67.5
GCRFGTCT,67.5
